Period,From,To,Area_km2
1985-1990,5,5,454409.7822
1985-1990,5,7,2927.3787
1985-1990,5,8,11293.3431
1985-1990,5,9,579.6063
1985-1990,5,12,551.385
1985-1990,5,13,309.7809
1985-1990,5,15,127.0035
1985-1990,5,16,36.3564
1985-1990,5,20,7139.0232
1985-1990,7,5,3214.8351
1985-1990,7,7,507328.443
1985-1990,7,8,16542.4797
1985-1990,7,9,313.9137
1985-1990,7,12,1195.7481
1985-1990,7,13,276.2145
1985-1990,7,15,69.39
1985-1990,7,16,0.6759
1985-1990,7,20,2929.0761
1985-1990,8,5,11406.9951
1985-1990,8,7,16050.2175
1985-1990,8,8,1675049.1588
1985-1990,8,9,1772.4888
1985-1990,8,12,1612.755
1985-1990,8,13,2947.1166
1985-1990,8,15,730.0629
1985-1990,8,16,2.4156
1985-1990,8,20,14128.2459
1985-1990,9,5,417.3696
1985-1990,9,7,79.1082
1985-1990,9,8,1238.8158
1985-1990,9,9,21527.1288
1985-1990,9,12,248.6259
1985-1990,9,13,28.3176
1985-1990,9,15,1295.3745
1985-1990,9,20,439.5186
1985-1990,11,11,0.0009
1985-1990,12,5,638.9127
1985-1990,12,7,1835.6067
1985-1990,12,8,2378.3697
1985-1990,12,9,1159.65
1985-1990,12,12,1105118.4699
1985-1990,12,13,94.0887
1985-1990,12,15,256.4649
1985-1990,12,16,37.9719
1985-1990,12,20,10.9134
1985-1990,13,5,0.0216
1985-1990,13,7,0.1467
1985-1990,13,8,0.7974
1985-1990,13,9,3.1068
1985-1990,13,12,0.0009
1985-1990,13,13,60203.1213
1985-1990,13,15,0.5283
1985-1990,13,16,0.1827
1985-1990,13,20,4.9932
1985-1990,15,5,100.3311
1985-1990,15,7,13.5099
1985-1990,15,8,335.1456
1985-1990,15,9,11424.2256
1985-1990,15,12,163.8792
1985-1990,15,13,31.5378
1985-1990,15,15,3524455.8108
1985-1990,15,16,40.7934
1985-1990,15,20,215.5536
1985-1990,16,5,25.3998
1985-1990,16,7,0.5598
1985-1990,16,8,1.1034
1985-1990,16,9,0.0009
1985-1990,16,12,12.4038
1985-1990,16,13,0.0387
1985-1990,16,15,7.4736
1985-1990,16,16,4115.1753
1985-1990,16,20,5.1291
1985-1990,20,5,6712.2063
1985-1990,20,7,2979.1548
1985-1990,20,8,13822.8039
1985-1990,20,9,546.9813
1985-1990,20,12,7.5357
1985-1990,20,13,206.9307
1985-1990,20,15,103.4721
1985-1990,20,16,22.5162
1985-1990,20,20,1123651.008
1990-1995,5,5,459449.6868
1990-1995,5,7,1928.8773
1990-1995,5,8,8698.6233
1990-1995,5,9,509.7177
1990-1995,5,12,570.6693
1990-1995,5,13,318.1941
1990-1995,5,15,155.0682
1990-1995,5,16,29.322
1990-1995,5,20,5265.6948
1990-1995,7,5,2570.2173
1990-1995,7,7,513333.567
1990-1995,7,8,11785.635
1990-1995,7,9,223.794
1990-1995,7,12,886.3137
1990-1995,7,13,304.2819
1990-1995,7,15,33.6411
1990-1995,7,16,0.6579
1990-1995,7,20,2076.0174
1990-1995,8,5,8357.4288
1990-1995,8,7,10827.4725
1990-1995,8,8,1684927.4427
1990-1995,8,9,1570.032
1990-1995,8,12,1189.7784
1990-1995,8,13,3528.036
1990-1995,8,15,749.1195
1990-1995,8,16,1.4715
1990-1995,8,20,9511.236
1990-1995,9,5,479.2815
1990-1995,9,7,116.388
1990-1995,9,8,1144.5309
1990-1995,9,9,21812.0733
1990-1995,9,12,907.7373
1990-1995,9,13,40.1319
1990-1995,9,15,12383.5653
1990-1995,9,16,0.0018
1990-1995,9,20,443.3922
1990-1995,11,11,0.0009
1990-1995,12,5,470.7369
1990-1995,12,7,1368.4113
1990-1995,12,8,2764.2042
1990-1995,12,9,720.5211
1990-1995,12,12,1103224.7061
1990-1995,12,13,106.4295
1990-1995,12,15,229.0905
1990-1995,12,16,13.2543
1990-1995,12,20,13.4496
1990-1995,13,5,0.0504
1990-1995,13,7,0.0747
1990-1995,13,8,0.7389
1990-1995,13,9,3.1779
1990-1995,13,12,0.0018
1990-1995,13,13,64089.4131
1990-1995,13,15,1.5552
1990-1995,13,16,0.0351
1990-1995,13,20,2.1195
1990-1995,15,5,81.0738
1990-1995,15,7,14.5314
1990-1995,15,8,267.6924
1990-1995,15,9,1275.0012
1990-1995,15,12,112.8789
1990-1995,15,13,24.4116
1990-1995,15,15,3525190.785
1990-1995,15,16,10.3257
1990-1995,15,20,68.8806
1990-1995,16,5,26.4132
1990-1995,16,7,0.5058
1990-1995,16,8,1.4463
1990-1995,16,9,0.0009
1990-1995,16,12,17.1387
1990-1995,16,13,0.1089
1990-1995,16,15,15.7599
1990-1995,16,16,4184.2836
1990-1995,16,20,10.4301
1990-1995,20,5,6397.5384
1990-1995,20,7,2264.7978
1990-1995,20,8,12621.636
1990-1995,20,9,488.2014
1990-1995,20,12,8.5968
1990-1995,20,13,195.2829
1990-1995,20,15,250.8183
1990-1995,20,16,6.0327
1990-1995,20,20,1126290.5559
1995-2000,5,5,420552.2601
1995-2000,5,7,5492.7477
1995-2000,5,8,22722.0813
1995-2000,5,9,2280.888
1995-2000,5,11,416.7558
1995-2000,5,12,1211.3127
1995-2000,5,13,5657.6115
1995-2000,5,15,97.1055
1995-2000,5,16,108.3996
1995-2000,5,20,19292.4945
1995-2000,7,5,10345.698
1995-2000,7,7,469122.6357
1995-2000,7,8,32426.0406
1995-2000,7,9,634.131
1995-2000,7,11,298.9539
1995-2000,7,12,1872.0414
1995-2000,7,13,4272.0975
1995-2000,7,15,27.6804
1995-2000,7,16,2.8395
1995-2000,7,20,10851.21
1995-2000,8,5,20595.1086
1995-2000,8,7,22337.4645
1995-2000,8,8,1623195.7155
1995-2000,8,9,1903.9527
1995-2000,8,11,199.9647
1995-2000,8,12,1708.8597
1995-2000,8,13,28946.4237
1995-2000,8,15,306.7047
1995-2000,8,16,4.7295
1995-2000,8,20,22993.9956
1995-2000,9,5,311.0643
1995-2000,9,7,95.5026
1995-2000,9,8,1086.2604
1995-2000,9,9,23826.3408
1995-2000,9,11,1.3545
1995-2000,9,12,134.5572
1995-2000,9,13,275.3253
1995-2000,9,15,450.855
1995-2000,9,16,0.0108
1995-2000,9,20,421.2441
1995-2000,11,11,0.0009
1995-2000,12,5,1488.4758
1995-2000,12,7,2545.65
1995-2000,12,8,3360.5388
1995-2000,12,9,11257.0776
1995-2000,12,11,45.1521
1995-2000,12,12,1085694.4098
1995-2000,12,13,2070.4077
1995-2000,12,15,128.6073
1995-2000,12,16,50.9247
1995-2000,12,20,263.3283
1995-2000,13,5,890.5518
1995-2000,13,7,932.2587
1995-2000,13,8,7302.258
1995-2000,13,9,210.9825
1995-2000,13,11,12.1644
1995-2000,13,12,159.3342
1995-2000,13,13,58120.0767
1995-2000,13,15,57.4758
1995-2000,13,16,0.3582
1995-2000,13,20,919.656
1995-2000,15,5,147.4182
1995-2000,15,7,24.0444
1995-2000,15,8,218.6775
1995-2000,15,9,3654.6759
1995-2000,15,11,2.9574
1995-2000,15,12,998.4915
1995-2000,15,13,127.1007
1995-2000,15,15,3533554.4697
1995-2000,15,16,56.4876
1995-2000,15,20,225.0783
1995-2000,16,5,42.2469
1995-2000,16,7,1.2447
1995-2000,16,8,2.6676
1995-2000,16,9,0.0414
1995-2000,16,11,0.2763
1995-2000,16,12,44.2845
1995-2000,16,13,6.3504
1995-2000,16,15,38.4669
1995-2000,16,16,4092.75
1995-2000,16,20,17.019
1995-2000,20,5,17021.5065
1995-2000,20,7,4466.8998
1995-2000,20,8,43011.9954
1995-2000,20,9,552.006
1995-2000,20,11,25.5537
1995-2000,20,12,237.0906
1995-2000,20,13,2349.0054
1995-2000,20,15,250.6473
1995-2000,20,16,29.3031
1995-2000,20,20,1075737.1914
2000-2001,5,5,459286.2432
2000-2001,5,7,972.2583
2000-2001,5,8,6971.0454
2000-2001,5,9,421.1352
2000-2001,5,11,56.6262
2000-2001,5,12,260.5347
2000-2001,5,13,828.1782
2000-2001,5,15,40.9842
2000-2001,5,16,43.5213
2000-2001,5,20,2513.7945
2000-2001,7,5,1719.5094
2000-2001,7,7,491698.0449
2000-2001,7,8,8772.6771
2000-2001,7,9,178.3611
2000-2001,7,11,30.816
2000-2001,7,12,685.0314
2000-2001,7,13,781.2531
2000-2001,7,15,3.0321
2000-2001,7,16,1.6371
2000-2001,7,20,1148.0751
2000-2001,8,5,5627.241
2000-2001,8,7,6300.234
2000-2001,8,8,1708165.4436
2000-2001,8,9,860.0445
2000-2001,8,11,56.1483
2000-2001,8,12,448.6302
2000-2001,8,13,6381.9297
2000-2001,8,15,40.428
2000-2001,8,16,1.7721
2000-2001,8,20,5444.3646
2000-2001,9,5,382.7664
2000-2001,9,7,178.3782
2000-2001,9,8,853.1649
2000-2001,9,9,39676.0392
2000-2001,9,11,0.8541
2000-2001,9,12,1612.5759
2000-2001,9,13,75.1437
2000-2001,9,15,1130.7303
2000-2001,9,16,0.0387
2000-2001,9,20,410.3973
2000-2001,11,5,48.2373
2000-2001,11,7,27.8208
2000-2001,11,8,53.8803
2000-2001,11,9,1.2501
2000-2001,11,11,840.8601
2000-2001,11,12,10.9656
2000-2001,11,13,7.803
2000-2001,11,15,0.8046
2000-2001,11,16,0.3105
2000-2001,11,20,11.2014
2000-2001,12,5,344.3175
2000-2001,12,7,677.8404
2000-2001,12,8,778.1265
2000-2001,12,9,1067.409
2000-2001,12,11,6.039
2000-2001,12,12,1088717.2794
2000-2001,12,13,331.8489
2000-2001,12,15,28.395
2000-2001,12,16,41.5269
2000-2001,12,20,67.5945
2000-2001,13,5,772.947
2000-2001,13,7,592.0227
2000-2001,13,8,4543.2801
2000-2001,13,9,74.4786
2000-2001,13,11,7.1433
2000-2001,13,12,231.7131
2000-2001,13,13,95028.786
2000-2001,13,15,19.7649
2000-2001,13,16,3.0951
2000-2001,13,20,551.2113
2000-2001,15,5,43.056
2000-2001,15,7,7.3071
2000-2001,15,8,56.5587
2000-2001,15,9,1095.3828
2000-2001,15,11,2.4732
2000-2001,15,12,84.7125
2000-2001,15,13,27.3204
2000-2001,15,15,3533480.5536
2000-2001,15,16,39.1842
2000-2001,15,20,75.4641
2000-2001,16,5,22.6998
2000-2001,16,7,0.7974
2000-2001,16,8,1.3455
2000-2001,16,9,0.0459
2000-2001,16,11,0.1638
2000-2001,16,12,13.3794
2000-2001,16,13,1.5894
2000-2001,16,15,17.0964
2000-2001,16,16,4280.9031
2000-2001,16,20,7.7823
2000-2001,20,5,3018.7422
2000-2001,20,7,827.7192
2000-2001,20,8,7667.6013
2000-2001,20,9,396.7155
2000-2001,20,11,12.4893
2000-2001,20,12,55.6569
2000-2001,20,13,603.8559
2000-2001,20,15,36.8532
2000-2001,20,16,17.0172
2000-2001,20,20,1118084.5539
2001-2002,5,5,458672.0184
2001-2002,5,7,1219.4496
2001-2002,5,8,7187.7933
2001-2002,5,9,397.2177
2001-2002,5,11,41.8599
2001-2002,5,12,324.1989
2001-2002,5,13,841.1895
2001-2002,5,15,38.3175
2001-2002,5,16,10.323
2001-2002,5,20,2533.3911
2001-2002,7,5,1467.2277
2001-2002,7,7,486235.3932
2001-2002,7,8,11206.4283
2001-2002,7,9,170.9946
2001-2002,7,11,24.2316
2001-2002,7,12,539.055
2001-2002,7,13,704.5272
2001-2002,7,15,4.1031
2001-2002,7,16,0.6021
2001-2002,7,20,929.8557
2001-2002,8,5,5220.5103
2001-2002,8,7,6210.6453
2001-2002,8,8,1713335.9877
2001-2002,8,9,928.3338
2001-2002,8,11,31.59
2001-2002,8,12,458.5635
2001-2002,8,13,5800.5234
2001-2002,8,15,43.4628
2001-2002,8,16,0.5796
2001-2002,8,20,5832.9036
2001-2002,9,5,385.8516
2001-2002,9,7,178.2396
2001-2002,9,8,854.5671
2001-2002,9,9,39206.6343
2001-2002,9,11,1.3788
2001-2002,9,12,1198.5543
2001-2002,9,13,87.8184
2001-2002,9,15,1406.0547
2001-2002,9,16,0.0063
2001-2002,9,20,451.7352
2001-2002,11,5,33.1776
2001-2002,11,7,33.3891
2001-2002,11,8,59.7033
2001-2002,11,9,0.9837
2001-2002,11,11,855.0522
2001-2002,11,12,16.3206
2001-2002,11,13,6.4539
2001-2002,11,15,0.9981
2001-2002,11,16,0.0468
2001-2002,11,20,7.4889
2001-2002,12,5,429.2874
2001-2002,12,7,914.4279
2001-2002,12,8,1412.5329
2001-2002,12,9,1879.596
2001-2002,12,11,4.6845
2001-2002,12,12,1086997.9905
2001-2002,12,13,341.0874
2001-2002,12,15,64.2924
2001-2002,12,16,5.5566
2001-2002,12,20,71.0145
2001-2002,13,5,766.3896
2001-2002,13,7,644.0562
2001-2002,13,8,4958.8488
2001-2002,13,9,66.7881
2001-2002,13,11,6.9399
2001-2002,13,12,234.3033
2001-2002,13,13,96822.2529
2001-2002,13,15,17.6238
2001-2002,13,16,0.7479
2001-2002,13,20,549.7659
2001-2002,15,5,36.0333
2001-2002,15,7,3.8781
2001-2002,15,8,53.4915
2001-2002,15,9,1150.3269
2001-2002,15,11,2.3571
2001-2002,15,12,50.049
2001-2002,15,13,28.7055
2001-2002,15,15,3533426.6373
2001-2002,15,16,1.7298
2001-2002,15,20,45.432
2001-2002,16,5,87.2487
2001-2002,16,7,2.9322
2001-2002,16,8,3.7089
2001-2002,16,9,0.0927
2001-2002,16,11,0.5283
2001-2002,16,12,99.3159
2001-2002,16,13,8.7921
2001-2002,16,15,129.9978
2001-2002,16,16,4059.3393
2001-2002,16,20,37.0503
2001-2002,20,5,3034.8702
2001-2002,20,7,989.5293
2001-2002,20,8,6916.3875
2001-2002,20,9,423.4689
2001-2002,20,11,9.1008
2001-2002,20,12,63.2016
2001-2002,20,13,568.4346
2001-2002,20,15,48.3345
2001-2002,20,16,1.8954
2001-2002,20,20,1116259.2108
2002-2003,5,5,457025.706
2002-2003,5,7,1097.586
2002-2003,5,8,7489.3725
2002-2003,5,9,410.6286
2002-2003,5,11,33.7752
2002-2003,5,12,323.9856
2002-2003,5,13,830.9745
2002-2003,5,15,37.0827
2002-2003,5,16,18.1908
2002-2003,5,20,2865.3156
2002-2003,7,5,1135.3212
2002-2003,7,7,483280.5753
2002-2003,7,8,9564.8346
2002-2003,7,9,158.6772
2002-2003,7,11,24.6537
2002-2003,7,12,424.467
2002-2003,7,13,773.9253
2002-2003,7,15,4.6368
2002-2003,7,16,1.305
2002-2003,7,20,1063.5444
2002-2003,8,5,5564.2626
2002-2003,8,7,6222.9807
2002-2003,8,8,1719635.0544
2002-2003,8,9,1040.5422
2002-2003,8,11,54.5859
2002-2003,8,12,859.581
2002-2003,8,13,6266.8143
2002-2003,8,15,62.1486
2002-2003,8,16,1.4832
2002-2003,8,20,6281.9919
2002-2003,9,5,370.2015
2002-2003,9,7,203.5836
2002-2003,9,8,808.1379
2002-2003,9,9,39640.6917
2002-2003,9,11,2.1564
2002-2003,9,12,1079.838
2002-2003,9,13,80.2899
2002-2003,9,15,1599.4296
2002-2003,9,16,0.0126
2002-2003,9,20,440.0964
2002-2003,11,5,29.5497
2002-2003,11,7,16.8174
2002-2003,11,8,44.1576
2002-2003,11,9,1.35
2002-2003,11,11,864.234
2002-2003,11,12,6.525
2002-2003,11,13,6.7455
2002-2003,11,15,1.0728
2002-2003,11,16,0.135
2002-2003,11,20,7.137
2002-2003,12,5,260.0946
2002-2003,12,7,900.0927
2002-2003,12,8,1203.9957
2002-2003,12,9,1075.1616
2002-2003,12,11,6.1092
2002-2003,12,12,1086052.248
2002-2003,12,13,346.4055
2002-2003,12,15,48.2751
2002-2003,12,16,25.4565
2002-2003,12,20,63.7146
2002-2003,13,5,776.3679
2002-2003,13,7,612.6723
2002-2003,13,8,5134.4658
2002-2003,13,9,77.1183
2002-2003,13,11,8.2152
2002-2003,13,12,224.9694
2002-2003,13,13,97768.1142
2002-2003,13,15,24.7257
2002-2003,13,16,1.917
2002-2003,13,20,581.2218
2002-2003,15,5,42.8382
2002-2003,15,7,3.4902
2002-2003,15,8,57.9681
2002-2003,15,9,933.2361
2002-2003,15,11,2.1591
2002-2003,15,12,50.3046
2002-2003,15,13,26.0469
2002-2003,15,15,3534003.0
2002-2003,15,16,22.3974
2002-2003,15,20,38.3814
2002-2003,16,5,113.0346
2002-2003,16,7,1.9602
2002-2003,16,8,3.168
2002-2003,16,9,0.0513
2002-2003,16,11,0.5526
2002-2003,16,12,119.403
2002-2003,16,13,7.2621
2002-2003,16,15,65.7954
2002-2003,16,16,3744.3519
2002-2003,16,20,25.2477
2002-2003,20,5,3361.2597
2002-2003,20,7,898.7508
2002-2003,20,8,7332.894
2002-2003,20,9,443.8809
2002-2003,20,11,8.7264
2002-2003,20,12,72.5949
2002-2003,20,13,596.9484
2002-2003,20,15,54.0855
2002-2003,20,16,7.6905
2002-2003,20,20,1113941.0088
2003-2004,5,5,456823.1493
2003-2004,5,7,1051.9398
2003-2004,5,8,6009.8076
2003-2004,5,9,395.5887
2003-2004,5,11,26.7471
2003-2004,5,12,315.4032
2003-2004,5,13,810.5112
2003-2004,5,15,29.6316
2003-2004,5,16,22.5927
2003-2004,5,20,3193.2621
2003-2004,7,5,902.628
2003-2004,7,7,484023.7746
2003-2004,7,8,6048.0441
2003-2004,7,9,154.3122
2003-2004,7,11,18.1944
2003-2004,7,12,541.5453
2003-2004,7,13,756.6885
2003-2004,7,15,6.3189
2003-2004,7,16,0.4527
2003-2004,7,20,786.555
2003-2004,8,5,5628.4029
2003-2004,8,7,6630.5637
2003-2004,8,8,1725400.4607
2003-2004,8,9,959.1597
2003-2004,8,11,40.3587
2003-2004,8,12,880.866
2003-2004,8,13,5857.1487
2003-2004,8,15,63.1791
2003-2004,8,16,0.8856
2003-2004,8,20,5813.0118
2003-2004,9,5,340.1775
2003-2004,9,7,135.7056
2003-2004,9,8,735.7176
2003-2004,9,9,39585.6198
2003-2004,9,11,1.4706
2003-2004,9,12,799.308
2003-2004,9,13,68.895
2003-2004,9,15,1710.8667
2003-2004,9,16,0.0144
2003-2004,9,20,403.5762
2003-2004,11,5,25.6005
2003-2004,11,7,20.4228
2003-2004,11,8,39.627
2003-2004,11,9,2.0835
2003-2004,11,11,888.8553
2003-2004,11,12,9.558
2003-2004,11,13,8.4726
2003-2004,11,15,3.2283
2003-2004,11,16,0.0972
2003-2004,11,20,7.2216
2003-2004,12,5,238.0518
2003-2004,12,7,544.4793
2003-2004,12,8,855.6381
2003-2004,12,9,838.0269
2003-2004,12,11,4.4082
2003-2004,12,12,1086276.2202
2003-2004,12,13,306.9576
2003-2004,12,15,68.5602
2003-2004,12,16,25.8273
2003-2004,12,20,55.7388
2003-2004,13,5,730.1178
2003-2004,13,7,599.4684
2003-2004,13,8,5238.8289
2003-2004,13,9,88.8903
2003-2004,13,11,7.2333
2003-2004,13,12,242.6913
2003-2004,13,13,99219.5487
2003-2004,13,15,28.5192
2003-2004,13,16,1.2951
2003-2004,13,20,546.9318
2003-2004,15,5,49.3956
2003-2004,15,7,3.6252
2003-2004,15,8,61.3854
2003-2004,15,9,1219.1931
2003-2004,15,11,5.6664
2003-2004,15,12,45.3753
2003-2004,15,13,21.1383
2003-2004,15,15,3534441.2721
2003-2004,15,16,15.7626
2003-2004,15,20,37.4391
2003-2004,16,5,92.4705
2003-2004,16,7,2.8881
2003-2004,16,8,5.0904
2003-2004,16,9,0.0657
2003-2004,16,11,0.6516
2003-2004,16,12,150.4692
2003-2004,16,13,9.2178
2003-2004,16,15,116.5284
2003-2004,16,16,3410.4735
2003-2004,16,20,35.0829
2003-2004,20,5,3868.614
2003-2004,20,7,760.0248
2003-2004,20,8,7356.2976
2003-2004,20,9,453.8475
2003-2004,20,11,8.3646
2003-2004,20,12,63.8622
2003-2004,20,13,571.6359
2003-2004,20,15,52.4106
2003-2004,20,16,4.6953
2003-2004,20,20,1112167.9107
2004-2005,5,5,458141.9688
2004-2005,5,7,1083.8727
2004-2005,5,8,5424.8742
2004-2005,5,9,358.0164
2004-2005,5,11,34.6239
2004-2005,5,12,314.7552
2004-2005,5,13,766.0548
2004-2005,5,15,30.3615
2004-2005,5,16,37.2483
2004-2005,5,20,2506.8267
2004-2005,7,5,1038.4677
2004-2005,7,7,484176.7809
2004-2005,7,8,6091.4115
2004-2005,7,9,167.0283
2004-2005,7,11,19.1394
2004-2005,7,12,701.9028
2004-2005,7,13,712.512
2004-2005,7,15,4.1688
2004-2005,7,16,1.2582
2004-2005,7,20,860.2227
2004-2005,8,5,5378.4243
2004-2005,8,7,6939.7119
2004-2005,8,8,1726798.4289
2004-2005,8,9,846.6732
2004-2005,8,11,38.2338
2004-2005,8,12,949.9968
2004-2005,8,13,5791.0788
2004-2005,8,15,51.7059
2004-2005,8,16,2.4399
2004-2005,8,20,4954.203
2004-2005,9,5,372.3615
2004-2005,9,7,137.4147
2004-2005,9,8,767.3553
2004-2005,9,9,39508.1352
2004-2005,9,11,1.1961
2004-2005,9,12,1010.4534
2004-2005,9,13,82.4022
2004-2005,9,15,1427.3388
2004-2005,9,16,0.0171
2004-2005,9,20,390.1122
2004-2005,11,5,32.2002
2004-2005,11,7,24.4008
2004-2005,11,8,44.1621
2004-2005,11,9,1.5156
2004-2005,11,11,873.99
2004-2005,11,12,6.6384
2004-2005,11,13,8.8749
2004-2005,11,15,2.1474
2004-2005,11,16,0.1773
2004-2005,11,20,7.8435
2004-2005,12,5,307.7784
2004-2005,12,7,659.952
2004-2005,12,8,730.2069
2004-2005,12,9,971.3565
2004-2005,12,11,13.6593
2004-2005,12,12,1086140.8476
2004-2005,12,13,292.7259
2004-2005,12,15,76.8393
2004-2005,12,16,49.572
2004-2005,12,20,82.3617
2004-2005,13,5,706.0914
2004-2005,13,7,597.7674
2004-2005,13,8,4632.0615
2004-2005,13,9,69.3999
2004-2005,13,11,5.5134
2004-2005,13,12,253.0908
2004-2005,13,13,100875.0528
2004-2005,13,15,27.1503
2004-2005,13,16,2.5893
2004-2005,13,20,461.5137
2004-2005,15,5,35.3088
2004-2005,15,7,10.0242
2004-2005,15,8,91.6992
2004-2005,15,9,1426.0041
2004-2005,15,11,1.2987
2004-2005,15,12,55.7784
2004-2005,15,13,23.0103
2004-2005,15,15,3534806.6658
2004-2005,15,16,27.5778
2004-2005,15,20,43.1469
2004-2005,16,5,61.9398
2004-2005,16,7,1.6227
2004-2005,16,8,2.475
2004-2005,16,9,0.0315
2004-2005,16,11,0.4509
2004-2005,16,12,113.6682
2004-2005,16,13,4.9464
2004-2005,16,15,75.7224
2004-2005,16,16,3206.0088
2004-2005,16,20,15.2298
2004-2005,20,5,3049.3836
2004-2005,20,7,798.1974
2004-2005,20,8,6589.8576
2004-2005,20,9,431.0955
2004-2005,20,11,8.6427
2004-2005,20,12,50.6439
2004-2005,20,13,579.5811
2004-2005,20,15,58.815
2004-2005,20,16,10.0809
2004-2005,20,20,1111470.4359
2005-2006,5,5,456912.3015
2005-2006,5,7,1205.3763
2005-2006,5,8,6057.225
2005-2006,5,9,370.5174
2005-2006,5,11,32.184
2005-2006,5,12,516.5928
2005-2006,5,13,754.7202
2005-2006,5,15,33.0399
2005-2006,5,16,72.1998
2005-2006,5,20,3169.7649
2005-2006,7,5,1144.5579
2005-2006,7,7,483820.3404
2005-2006,7,8,6818.5062
2005-2006,7,9,141.7482
2005-2006,7,11,23.4405
2005-2006,7,12,983.8683
2005-2006,7,13,692.7435
2005-2006,7,15,4.3686
2005-2006,7,16,1.4373
2005-2006,7,20,798.7428
2005-2006,8,5,6079.6161
2005-2006,8,7,8827.1469
2005-2006,8,8,1723279.9392
2005-2006,8,9,817.974
2005-2006,8,11,37.5408
2005-2006,8,12,789.264
2005-2006,8,13,5799.0996
2005-2006,8,15,38.0331
2005-2006,8,16,2.2446
2005-2006,8,20,5501.6496
2005-2006,9,5,391.6467
2005-2006,9,7,177.543
2005-2006,9,8,854.217
2005-2006,9,9,39545.8596
2005-2006,9,11,0.9144
2005-2006,9,12,1330.9164
2005-2006,9,13,86.7384
2005-2006,9,15,1016.2836
2005-2006,9,16,0.0432
2005-2006,9,20,375.0984
2005-2006,11,5,26.2008
2005-2006,11,7,24.2802
2005-2006,11,8,46.3608
2005-2006,11,9,1.2852
2005-2006,11,11,873.261
2005-2006,11,12,7.5924
2005-2006,11,13,7.4916
2005-2006,11,15,0.8451
2005-2006,11,16,0.5004
2005-2006,11,20,8.928
2005-2006,12,5,262.7226
2005-2006,12,7,822.3849
2005-2006,12,8,874.5435
2005-2006,12,9,904.6854
2005-2006,12,11,3.4011
2005-2006,12,12,1086182.5104
2005-2006,12,13,281.4273
2005-2006,12,15,61.2252
2005-2006,12,16,144.0459
2005-2006,12,20,60.8346
2005-2006,13,5,718.7004
2005-2006,13,7,646.3683
2005-2006,13,8,4767.8283
2005-2006,13,9,69.9741
2005-2006,13,11,5.9571
2005-2006,13,12,285.3657
2005-2006,13,13,102105.1926
2005-2006,13,15,21.1788
2005-2006,13,16,5.6637
2005-2006,13,20,510.0138
2005-2006,15,5,36.9261
2005-2006,15,7,5.4324
2005-2006,15,8,84.8376
2005-2006,15,9,2212.9155
2005-2006,15,11,1.8999
2005-2006,15,12,66.3957
2005-2006,15,13,31.3398
2005-2006,15,15,3533961.5019
2005-2006,15,16,96.5088
2005-2006,15,20,63.1575
2005-2006,16,5,34.8201
2005-2006,16,7,1.5813
2005-2006,16,8,2.2788
2005-2006,16,9,0.0297
2005-2006,16,11,0.2601
2005-2006,16,12,31.1526
2005-2006,16,13,1.9953
2005-2006,16,15,25.7418
2005-2006,16,16,3231.3177
2005-2006,16,20,7.794
2005-2006,20,5,3278.6676
2005-2006,20,7,887.1633
2005-2006,20,8,6911.3151
2005-2006,20,9,407.7747
2005-2006,20,11,6.0264
2005-2006,20,12,49.4091
2005-2006,20,13,529.6959
2005-2006,20,15,40.4748
2005-2006,20,16,19.9134
2005-2006,20,20,1108661.4558
2006-2007,5,5,458016.8958
2006-2007,5,7,1254.5199
2006-2007,5,8,5609.2428
2006-2007,5,9,376.9641
2006-2007,5,11,25.4457
2006-2007,5,12,394.8147
2006-2007,5,13,760.302
2006-2007,5,15,29.9484
2006-2007,5,16,62.1018
2006-2007,5,20,2355.9273
2006-2007,7,5,1016.0037
2006-2007,7,7,486703.3428
2006-2007,7,8,6178.0626
2006-2007,7,9,187.9056
2006-2007,7,11,18.6993
2006-2007,7,12,915.2118
2006-2007,7,13,691.4682
2006-2007,7,15,4.3569
2006-2007,7,16,2.9259
2006-2007,7,20,699.6348
2006-2007,8,5,5187.87
2006-2007,8,7,8343.7227
2006-2007,8,8,1723771.2546
2006-2007,8,9,785.3391
2006-2007,8,11,29.5605
2006-2007,8,12,765.7209
2006-2007,8,13,5704.2459
2006-2007,8,15,32.2569
2006-2007,8,16,2.4309
2006-2007,8,20,5074.6284
2006-2007,9,5,382.1823
2006-2007,9,7,149.6394
2006-2007,9,8,874.1016
2006-2007,9,9,40277.1402
2006-2007,9,11,3.1131
2006-2007,9,12,815.7294
2006-2007,9,13,91.755
2006-2007,9,15,1479.4596
2006-2007,9,16,0.0414
2006-2007,9,20,399.6018
2006-2007,11,5,31.5828
2006-2007,11,7,23.1561
2006-2007,11,8,40.8249
2006-2007,11,9,0.9315
2006-2007,11,11,868.7232
2006-2007,11,12,5.2083
2006-2007,11,13,5.7294
2006-2007,11,15,0.8307
2006-2007,11,16,0.5193
2006-2007,11,20,7.3764
2006-2007,12,5,252.5004
2006-2007,12,7,802.6515
2006-2007,12,8,889.317
2006-2007,12,9,1242.0423
2006-2007,12,11,4.5009
2006-2007,12,12,1086555.4578
2006-2007,12,13,306.8145
2006-2007,12,15,43.9353
2006-2007,12,16,69.0084
2006-2007,12,20,76.8384
2006-2007,13,5,690.0021
2006-2007,13,7,608.3307
2006-2007,13,8,4493.1087
2006-2007,13,9,67.1787
2006-2007,13,11,6.0435
2006-2007,13,12,237.9861
2006-2007,13,13,103677.4026
2006-2007,13,15,22.1499
2006-2007,13,16,4.1472
2006-2007,13,20,484.1109
2006-2007,15,5,33.5511
2006-2007,15,7,5.1057
2006-2007,15,8,57.7287
2006-2007,15,9,1764.4635
2006-2007,15,11,4.4298
2006-2007,15,12,66.3822
2006-2007,15,13,24.579
2006-2007,15,15,3533115.6027
2006-2007,15,16,68.1417
2006-2007,15,20,62.7102
2006-2007,16,5,39.9267
2006-2007,16,7,1.7082
2006-2007,16,8,2.421
2006-2007,16,9,0.0432
2006-2007,16,11,0.1782
2006-2007,16,12,63.2943
2006-2007,16,13,3.1707
2006-2007,16,15,50.2497
2006-2007,16,16,3396.9762
2006-2007,16,20,15.9048
2006-2007,20,5,2930.4216
2006-2007,20,7,799.4547
2006-2007,20,8,5916.1617
2006-2007,20,9,379.4886
2006-2007,20,11,5.5512
2006-2007,20,12,52.2765
2006-2007,20,13,538.9632
2006-2007,20,15,35.6382
2006-2007,20,16,14.0697
2006-2007,20,20,1108485.4113
2007-2008,5,5,455926.0239
2007-2008,5,7,1478.8341
2007-2008,5,8,7102.8144
2007-2008,5,9,409.9923
2007-2008,5,11,36.2079
2007-2008,5,12,340.3305
2007-2008,5,13,740.6514
2007-2008,5,15,37.8072
2007-2008,5,16,44.3169
2007-2008,5,20,2463.9597
2007-2008,7,5,1211.8311
2007-2008,7,7,483747.4746
2007-2008,7,8,10908.5049
2007-2008,7,9,225.1575
2007-2008,7,11,20.0691
2007-2008,7,12,897.4557
2007-2008,7,13,722.9709
2007-2008,7,15,9.792
2007-2008,7,16,1.6677
2007-2008,7,20,946.7118
2007-2008,8,5,6062.7987
2007-2008,8,7,8991.1458
2007-2008,8,8,1719698.1291
2007-2008,8,9,965.0151
2007-2008,8,11,36.6579
2007-2008,8,12,993.9681
2007-2008,8,13,5807.1447
2007-2008,8,15,48.2886
2007-2008,8,16,3.1329
2007-2008,8,20,5225.9517
2007-2008,9,5,353.2329
2007-2008,9,7,158.2416
2007-2008,9,8,956.0529
2007-2008,9,9,40571.0469
2007-2008,9,11,1.5219
2007-2008,9,12,961.8255
2007-2008,9,13,88.3116
2007-2008,9,15,1564.911
2007-2008,9,16,0.0585
2007-2008,9,20,426.294
2007-2008,11,5,32.9328
2007-2008,11,7,33.5295
2007-2008,11,8,57.5784
2007-2008,11,9,2.8341
2007-2008,11,11,818.496
2007-2008,11,12,3.4947
2007-2008,11,13,6.831
2007-2008,11,15,1.6659
2007-2008,11,16,0.2691
2007-2008,11,20,8.6148
2007-2008,12,5,346.1994
2007-2008,12,7,1180.6515
2007-2008,12,8,1077.9588
2007-2008,12,9,986.463
2007-2008,12,11,6.786
2007-2008,12,12,1085727.2508
2007-2008,12,13,310.4973
2007-2008,12,15,66.9123
2007-2008,12,16,79.1343
2007-2008,12,20,90.2295
2007-2008,13,5,773.2197
2007-2008,13,7,655.9821
2007-2008,13,8,4625.0982
2007-2008,13,9,79.0767
2007-2008,13,11,5.3397
2007-2008,13,12,248.2623
2007-2008,13,13,104900.2335
2007-2008,13,15,21.0438
2007-2008,13,16,3.7098
2007-2008,13,20,492.471
2007-2008,15,5,32.4369
2007-2008,15,7,8.0514
2007-2008,15,8,45.1647
2007-2008,15,9,1473.1092
2007-2008,15,11,1.3149
2007-2008,15,12,47.1915
2007-2008,15,13,24.9948
2007-2008,15,15,3533045.9526
2007-2008,15,16,91.0449
2007-2008,15,20,45.1683
2007-2008,16,5,84.7224
2007-2008,16,7,2.6181
2007-2008,16,8,2.268
2007-2008,16,9,0.0387
2007-2008,16,11,0.3015
2007-2008,16,12,90.945
2007-2008,16,13,5.2956
2007-2008,16,15,33.9156
2007-2008,16,16,3386.808
2007-2008,16,20,13.4487
2007-2008,20,5,3465.81
2007-2008,20,7,988.0164
2007-2008,20,8,6415.1532
2007-2008,20,9,406.2492
2007-2008,20,11,8.2566
2007-2008,20,12,86.2362
2007-2008,20,13,537.2217
2007-2008,20,15,38.5164
2007-2008,20,16,24.5403
2007-2008,20,20,1105692.1389
2008-2009,5,5,456949.8243
2008-2009,5,7,1265.76
2008-2009,5,8,5807.8836
2008-2009,5,9,401.5611
2008-2009,5,11,28.4166
2008-2009,5,12,256.4271
2008-2009,5,13,806.6529
2008-2009,5,15,34.4277
2008-2009,5,16,46.7514
2008-2009,5,20,2691.5076
2008-2009,7,5,1228.1355
2008-2009,7,7,485792.8074
2008-2009,7,8,7879.0833
2008-2009,7,9,144.6471
2008-2009,7,11,17.3178
2008-2009,7,12,609.8418
2008-2009,7,13,714.6324
2008-2009,7,15,6.4395
2008-2009,7,16,1.6056
2008-2009,7,20,850.0365
2008-2009,8,5,5731.5438
2008-2009,8,7,6985.0413
2008-2009,8,8,1725294.4605
2008-2009,8,9,1071.432
2008-2009,8,11,33.1173
2008-2009,8,12,757.6227
2008-2009,8,13,5405.4558
2008-2009,8,15,58.8771
2008-2009,8,16,2.7783
2008-2009,8,20,5548.4001
2008-2009,9,5,356.4747
2008-2009,9,7,177.075
2008-2009,9,8,790.902
2008-2009,9,9,40245.4539
2008-2009,9,11,1.4004
2008-2009,9,12,1086.7968
2008-2009,9,13,80.4726
2008-2009,9,15,1969.3701
2008-2009,9,16,0.0576
2008-2009,9,20,410.9868
2008-2009,11,5,28.3185
2008-2009,11,7,24.8994
2008-2009,11,8,38.2383
2008-2009,11,9,1.6614
2008-2009,11,11,821.1456
2008-2009,11,12,4.6341
2008-2009,11,13,5.8698
2008-2009,11,15,1.4877
2008-2009,11,16,0.3087
2008-2009,11,20,8.388
2008-2009,12,5,307.0629
2008-2009,12,7,1342.7082
2008-2009,12,8,684.5094
2008-2009,12,9,815.8248
2008-2009,12,11,7.9929
2008-2009,12,12,1085718.5208
2008-2009,12,13,313.1847
2008-2009,12,15,45.5877
2008-2009,12,16,78.7275
2008-2009,12,20,82.8306
2008-2009,13,5,699.2334
2008-2009,13,7,661.4298
2008-2009,13,8,4547.934
2008-2009,13,9,85.3794
2008-2009,13,11,5.6682
2008-2009,13,12,215.163
2008-2009,13,13,106438.1391
2008-2009,13,15,23.6736
2008-2009,13,16,5.7753
2008-2009,13,20,461.7639
2008-2009,15,5,29.1699
2008-2009,15,7,4.788
2008-2009,15,8,38.3913
2008-2009,15,9,1033.6527
2008-2009,15,11,0.738
2008-2009,15,12,54.4248
2008-2009,15,13,21.4776
2008-2009,15,15,3533560.2135
2008-2009,15,16,90.5337
2008-2009,15,20,35.415
2008-2009,16,5,52.0974
2008-2009,16,7,2.4687
2008-2009,16,8,1.5813
2008-2009,16,9,0.0234
2008-2009,16,11,0.1755
2008-2009,16,12,44.4816
2008-2009,16,13,2.2347
2008-2009,16,15,20.4327
2008-2009,16,16,3504.3786
2008-2009,16,20,6.8085
2008-2009,20,5,2991.0123
2008-2009,20,7,788.8536
2008-2009,20,8,5170.3803
2008-2009,20,9,453.2769
2008-2009,20,11,7.7175
2008-2009,20,12,44.9955
2008-2009,20,13,505.953
2008-2009,20,15,41.9067
2008-2009,20,16,23.1111
2008-2009,20,20,1105377.777
2009-2010,5,5,456897.3237
2009-2010,5,7,1552.032
2009-2010,5,8,5737.2507
2009-2010,5,9,345.3057
2009-2010,5,11,33.4359
2009-2010,5,12,207.3537
2009-2010,5,13,712.8099
2009-2010,5,15,42.9156
2009-2010,5,16,23.8554
2009-2010,5,20,2820.5991
2009-2010,7,5,1614.9402
2009-2010,7,7,483366.5352
2009-2010,7,8,9687.1617
2009-2010,7,9,165.1059
2009-2010,7,11,23.5503
2009-2010,7,12,443.8845
2009-2010,7,13,716.0994
2009-2010,7,15,5.1651
2009-2010,7,16,1.2492
2009-2010,7,20,1022.1345
2009-2010,8,5,5702.2218
2009-2010,8,7,8049.3867
2009-2010,8,8,1724618.5029
2009-2010,8,9,821.8089
2009-2010,8,11,41.1732
2009-2010,8,12,489.6891
2009-2010,8,13,5151.312
2009-2010,8,15,70.0722
2009-2010,8,16,0.8154
2009-2010,8,20,5308.3809
2009-2010,9,5,293.1552
2009-2010,9,7,125.6859
2009-2010,9,8,654.219
2009-2010,9,9,39925.8657
2009-2010,9,11,1.9944
2009-2010,9,12,790.029
2009-2010,9,13,79.7391
2009-2010,9,15,1957.4433
2009-2010,9,16,0.0117
2009-2010,9,20,424.7685
2009-2010,11,5,30.7791
2009-2010,11,7,36.8433
2009-2010,11,8,43.7706
2009-2010,11,9,1.0062
2009-2010,11,11,794.3229
2009-2010,11,12,1.6992
2009-2010,11,13,6.0588
2009-2010,11,15,0.8388
2009-2010,11,16,0.0792
2009-2010,11,20,8.2917
2009-2010,12,5,361.8126
2009-2010,12,7,1309.59
2009-2010,12,8,826.4817
2009-2010,12,9,1235.5524
2009-2010,12,11,4.1562
2009-2010,12,12,1084562.7381
2009-2010,12,13,315.4473
2009-2010,12,15,63.0297
2009-2010,12,16,29.376
2009-2010,12,20,84.717
2009-2010,13,5,730.8369
2009-2010,13,7,619.8894
2009-2010,13,8,4457.7387
2009-2010,13,9,76.0698
2009-2010,13,11,6.8391
2009-2010,13,12,205.7121
2009-2010,13,13,107738.7507
2009-2010,13,15,19.7874
2009-2010,13,16,1.1934
2009-2010,13,20,437.2614
2009-2010,15,5,30.7881
2009-2010,15,7,5.7438
2009-2010,15,8,47.8476
2009-2010,15,9,1182.1842
2009-2010,15,11,1.3644
2009-2010,15,12,39.2895
2009-2010,15,13,25.4682
2009-2010,15,15,3534371.4339
2009-2010,15,16,10.1349
2009-2010,15,20,48.1626
2009-2010,16,5,80.6409
2009-2010,16,7,3.5028
2009-2010,16,8,4.1148
2009-2010,16,9,0.1431
2009-2010,16,11,0.4842
2009-2010,16,12,110.2131
2009-2010,16,13,8.8551
2009-2010,16,15,124.9047
2009-2010,16,16,3383.8848
2009-2010,16,20,37.2861
2009-2010,20,5,2706.5628
2009-2010,20,7,1066.9815
2009-2010,20,8,5520.4506
2009-2010,20,9,447.9939
2009-2010,20,11,9.0549
2009-2010,20,12,37.08
2009-2010,20,13,477.1872
2009-2010,20,15,38.8341
2009-2010,20,16,2.6586
2009-2010,20,20,1105167.1113
2010-2011,5,5,459306.2358
2010-2011,5,7,1095.2847
2010-2011,5,8,4511.9835
2010-2011,5,9,333.9792
2010-2011,5,11,35.0199
2010-2011,5,12,195.3693
2010-2011,5,13,721.4778
2010-2011,5,15,46.8072
2010-2011,5,16,83.7306
2010-2011,5,20,2119.1661
2010-2011,7,5,1214.5896
2010-2011,7,7,486124.9992
2010-2011,7,8,6739.9695
2010-2011,7,9,143.739
2010-2011,7,11,30.8754
2010-2011,7,12,424.9305
2010-2011,7,13,682.1388
2010-2011,7,15,5.1453
2010-2011,7,16,5.103
2010-2011,7,20,764.7138
2010-2011,8,5,4567.8753
2010-2011,8,7,5585.4972
2010-2011,8,8,1731028.8699
2010-2011,8,9,755.7372
2010-2011,8,11,41.1912
2010-2011,8,12,321.1146
2010-2011,8,13,5073.0606
2010-2011,8,15,78.984
2010-2011,8,16,2.5218
2010-2011,8,20,4142.6865
2010-2011,9,5,323.451
2010-2011,9,7,157.2129
2010-2011,9,8,627.2892
2010-2011,9,9,39339.7848
2010-2011,9,11,2.4903
2010-2011,9,12,1392.6537
2010-2011,9,13,85.644
2010-2011,9,15,1875.2004
2010-2011,9,16,0.0432
2010-2011,9,20,397.2645
2010-2011,11,5,25.5996
2010-2011,11,7,25.0758
2010-2011,11,8,33.3441
2010-2011,11,9,1.7289
2010-2011,11,11,808.3089
2010-2011,11,12,2.1231
2010-2011,11,13,7.4736
2010-2011,11,15,1.8702
2010-2011,11,16,0.2295
2010-2011,11,20,10.6209
2010-2011,12,5,372.0096
2010-2011,12,7,985.9392
2010-2011,12,8,638.4384
2010-2011,12,9,776.3589
2010-2011,12,11,7.1541
2010-2011,12,12,1083596.634
2010-2011,12,13,296.9154
2010-2011,12,15,43.8606
2010-2011,12,16,95.1156
2010-2011,12,20,75.2634
2010-2011,13,5,683.523
2010-2011,13,7,644.211
2010-2011,13,8,4327.1073
2010-2011,13,9,71.298
2010-2011,13,11,6.6717
2010-2011,13,12,201.2535
2010-2011,13,13,108839.8566
2010-2011,13,15,21.4803
2010-2011,13,16,4.8168
2010-2011,13,20,431.5122
2010-2011,15,5,24.6537
2010-2011,15,7,4.7322
2010-2011,15,8,32.6709
2010-2011,15,9,1203.3459
2010-2011,15,11,1.5957
2010-2011,15,12,40.3047
2010-2011,15,13,22.4334
2010-2011,15,15,3535291.647
2010-2011,15,16,36.4563
2010-2011,15,20,36.585
2010-2011,16,5,24.6807
2010-2011,16,7,1.1331
2010-2011,16,8,2.0142
2010-2011,16,9,0.0702
2010-2011,16,11,0.162
2010-2011,16,12,38.4507
2010-2011,16,13,2.4138
2010-2011,16,15,55.1565
2010-2011,16,16,3314.8008
2010-2011,16,20,14.3757
2010-2011,20,5,2531.0511
2010-2011,20,7,772.5537
2010-2011,20,8,4919.1165
2010-2011,20,9,454.2174
2010-2011,20,11,9.4572
2010-2011,20,12,37.2861
2010-2011,20,13,453.4029
2010-2011,20,15,42.4575
2010-2011,20,16,13.3452
2010-2011,20,20,1106125.8264
2011-2012,5,5,454572.7542
2011-2012,5,7,1258.8282
2011-2012,5,8,7569.9396
2011-2012,5,9,450.0
2011-2012,5,11,36.7659
2011-2012,5,12,350.4303
2011-2012,5,13,786.1617
2011-2012,5,15,57.8106
2011-2012,5,16,249.2109
2011-2012,5,20,3741.7689
2011-2012,7,5,1283.2776
2011-2012,7,7,481424.5044
2011-2012,7,8,9906.9471
2011-2012,7,9,222.7698
2011-2012,7,11,28.4742
2011-2012,7,12,726.5322
2011-2012,7,13,761.184
2011-2012,7,15,5.4351
2011-2012,7,16,13.1499
2011-2012,7,20,1024.3638
2011-2012,8,5,6193.6524
2011-2012,8,7,8992.5615
2011-2012,8,8,1723956.1974
2011-2012,8,9,763.9956
2011-2012,8,11,45.6858
2011-2012,8,12,577.6308
2011-2012,8,13,5378.8626
2011-2012,8,15,57.9699
2011-2012,8,16,9.4878
2011-2012,8,20,6884.7552
2011-2012,9,5,409.8618
2011-2012,9,7,120.4119
2011-2012,9,8,757.9458
2011-2012,9,9,38753.1666
2011-2012,9,11,2.5902
2011-2012,9,12,1018.7172
2011-2012,9,13,82.4742
2011-2012,9,15,1491.3387
2011-2012,9,16,0.2817
2011-2012,9,20,443.4633
2011-2012,11,5,31.7574
2011-2012,11,7,30.879
2011-2012,11,8,58.5558
2011-2012,11,9,2.5875
2011-2012,11,11,793.6947
2011-2012,11,12,3.5505
2011-2012,11,13,7.3008
2011-2012,11,15,1.6515
2011-2012,11,16,1.1763
2011-2012,11,20,11.7747
2011-2012,12,5,287.1585
2011-2012,12,7,1027.3203
2011-2012,12,8,1104.0795
2011-2012,12,9,1791.1629
2011-2012,12,11,2.2176
2011-2012,12,12,1081429.5699
2011-2012,12,13,281.3805
2011-2012,12,15,46.6992
2011-2012,12,16,197.8209
2011-2012,12,20,82.7046
2011-2012,13,5,747.4536
2011-2012,13,7,680.9814
2011-2012,13,8,5109.1956
2011-2012,13,9,90.2106
2011-2012,13,11,6.9615
2011-2012,13,12,225.864
2011-2012,13,13,108766.4148
2011-2012,13,15,24.0804
2011-2012,13,16,13.5738
2011-2012,13,20,520.0839
2011-2012,15,5,39.9789
2011-2012,15,7,5.3487
2011-2012,15,8,74.8917
2011-2012,15,9,1520.8605
2011-2012,15,11,7.146
2011-2012,15,12,110.5344
2011-2012,15,13,27.981
2011-2012,15,15,3535467.0651
2011-2012,15,16,162.9144
2011-2012,15,20,45.8883
2011-2012,16,5,2.7729
2011-2012,16,7,0.1755
2011-2012,16,8,0.2097
2011-2012,16,9,0.0054
2011-2012,16,11,0.0234
2011-2012,16,12,10.8522
2011-2012,16,13,0.7389
2011-2012,16,15,13.9833
2011-2012,16,16,3525.3369
2011-2012,16,20,2.0646
2011-2012,20,5,3722.9589
2011-2012,20,7,922.1418
2011-2012,20,8,8874.9036
2011-2012,20,9,419.3199
2011-2012,20,11,9.5724
2011-2012,20,12,60.6465
2011-2012,20,13,473.3712
2011-2012,20,15,64.9863
2011-2012,20,16,62.6895
2011-2012,20,20,1099507.4262
2012-2013,5,5,453208.9914
2012-2013,5,7,1660.0824
2012-2013,5,8,6836.6043
2012-2013,5,9,453.8925
2012-2013,5,11,72.315
2012-2013,5,12,374.5926
2012-2013,5,13,776.9196
2012-2013,5,15,31.9329
2012-2013,5,16,136.1178
2012-2013,5,20,3740.1651
2012-2013,7,5,1747.6866
2012-2013,7,7,480043.3329
2012-2013,7,8,9616.311
2012-2013,7,9,131.472
2012-2013,7,11,47.3022
2012-2013,7,12,951.4872
2012-2013,7,13,732.0735
2012-2013,7,15,3.807
2012-2013,7,16,12.5982
2012-2013,7,20,1177.0758
2012-2013,8,5,7522.3152
2012-2013,8,7,10901.5929
2012-2013,8,8,1723643.8623
2012-2013,8,9,731.1213
2012-2013,8,11,63.1953
2012-2013,8,12,916.5042
2012-2013,8,13,5529.6864
2012-2013,8,15,50.4351
2012-2013,8,16,9.4428
2012-2013,8,20,8044.7121
2012-2013,9,5,336.2031
2012-2013,9,7,178.7778
2012-2013,9,8,765.2808
2012-2013,9,9,39203.0118
2012-2013,9,11,2.1726
2012-2013,9,12,1509.138
2012-2013,9,13,88.038
2012-2013,9,15,1487.9997
2012-2013,9,16,0.2601
2012-2013,9,20,443.1924
2012-2013,11,5,38.7333
2012-2013,11,7,37.5921
2012-2013,11,8,61.9092
2012-2013,11,9,2.646
2012-2013,11,11,767.4426
2012-2013,11,12,3.3696
2012-2013,11,13,7.1298
2012-2013,11,15,1.971
2012-2013,11,16,1.0737
2012-2013,11,20,11.2626
2012-2013,12,5,278.4564
2012-2013,12,7,1014.8544
2012-2013,12,8,800.2359
2012-2013,12,9,1321.7292
2012-2013,12,11,5.1525
2012-2013,12,12,1080390.7746
2012-2013,12,13,246.6342
2012-2013,12,15,291.0699
2012-2013,12,16,89.4735
2012-2013,12,20,75.9537
2012-2013,13,5,774.5454
2012-2013,13,7,696.2283
2012-2013,13,8,4877.1414
2012-2013,13,9,85.5198
2012-2013,13,11,7.1748
2012-2013,13,12,256.7124
2012-2013,13,13,109351.5336
2012-2013,13,15,24.6942
2012-2013,13,16,12.8466
2012-2013,13,20,479.4534
2012-2013,15,5,45.1971
2012-2013,15,7,4.0653
2012-2013,15,8,67.6512
2012-2013,15,9,1763.1027
2012-2013,15,11,1.6884
2012-2013,15,12,49.5954
2012-2013,15,13,22.2957
2012-2013,15,15,3535050.2976
2012-2013,15,16,177.8706
2012-2013,15,20,49.257
2012-2013,16,5,0.0135
2012-2013,16,7,0.0063
2012-2013,16,12,0.0063
2012-2013,16,13,0.3159
2012-2013,16,15,0.117
2012-2013,16,16,4235.1804
2012-2013,16,20,0.0045
2012-2013,20,5,3610.6182
2012-2013,20,7,991.2033
2012-2013,20,8,7836.6411
2012-2013,20,9,412.1469
2012-2013,20,11,16.1505
2012-2013,20,12,79.164
2012-2013,20,13,538.9443
2012-2013,20,15,49.2219
2012-2013,20,16,60.6735
2012-2013,20,20,1098669.5262
2013-2014,5,5,455056.8399
2013-2014,5,7,1504.1565
2013-2014,5,8,6221.88
2013-2014,5,9,348.3891
2013-2014,5,11,66.2382
2013-2014,5,12,356.0679
2013-2014,5,13,745.4736
2013-2014,5,15,36.7812
2013-2014,5,16,6.0237
2013-2014,5,20,3220.8975
2013-2014,7,5,1514.3769
2013-2014,7,7,481430.8863
2013-2014,7,8,9625.3389
2013-2014,7,9,163.8783
2013-2014,7,11,50.8113
2013-2014,7,12,949.0806
2013-2014,7,13,681.8787
2013-2014,7,15,3.1086
2013-2014,7,16,1.2447
2013-2014,7,20,1107.1287
2013-2014,8,5,6127.2963
2013-2014,8,7,8200.8216
2013-2014,8,8,1727051.031
2013-2014,8,9,766.0269
2013-2014,8,11,53.3682
2013-2014,8,12,758.3184
2013-2014,8,13,4667.3865
2013-2014,8,15,36.6813
2013-2014,8,16,0.4734
2013-2014,8,20,6844.2318
2013-2014,9,5,325.1142
2013-2014,9,7,137.2923
2013-2014,9,8,657.9756
2013-2014,9,9,40478.247
2013-2014,9,11,4.3209
2013-2014,9,12,742.7277
2013-2014,9,13,80.9649
2013-2014,9,15,1262.7747
2013-2014,9,16,0.0054
2013-2014,9,20,415.2186
2013-2014,11,5,65.7666
2013-2014,11,7,40.8852
2013-2014,11,8,75.6171
2013-2014,11,9,2.25
2013-2014,11,11,771.7329
2013-2014,11,12,3.6846
2013-2014,11,13,6.7473
2013-2014,11,15,1.08
2013-2014,11,16,0.0693
2013-2014,11,20,14.7573
2013-2014,12,5,317.2086
2013-2014,12,7,745.6914
2013-2014,12,8,819.8577
2013-2014,12,9,1208.9871
2013-2014,12,11,7.0542
2013-2014,12,12,1081027.6722
2013-2014,12,13,268.9065
2013-2014,12,15,58.329
2013-2014,12,16,2.3265
2013-2014,12,20,75.312
2013-2014,13,5,658.6515
2013-2014,13,7,591.3351
2013-2014,13,8,4386.1896
2013-2014,13,9,76.7898
2013-2014,13,11,8.3016
2013-2014,13,12,235.8756
2013-2014,13,13,110873.9934
2013-2014,13,15,17.4177
2013-2014,13,16,0.8199
2013-2014,13,20,444.2013
2013-2014,15,5,41.7465
2013-2014,15,7,3.3948
2013-2014,15,8,42.8238
2013-2014,15,9,1260.5544
2013-2014,15,11,5.8608
2013-2014,15,12,32.7825
2013-2014,15,13,23.7717
2013-2014,15,15,3535528.8861
2013-2014,15,16,6.66
2013-2014,15,20,45.0657
2013-2014,16,5,0.7497
2013-2014,16,7,0.1107
2013-2014,16,8,0.144
2013-2014,16,9,0.0081
2013-2014,16,11,0.0126
2013-2014,16,12,0.5229
2013-2014,16,13,0.6975
2013-2014,16,15,3.6144
2013-2014,16,16,4728.2895
2013-2014,16,20,1.3887
2013-2014,20,5,3092.6691
2013-2014,20,7,1106.6913
2013-2014,20,8,7494.2874
2013-2014,20,9,425.9313
2013-2014,20,11,12.2904
2013-2014,20,12,69.9426
2013-2014,20,13,458.5788
2013-2014,20,15,59.4432
2013-2014,20,16,1.917
2013-2014,20,20,1099968.8391
2014-2015,5,5,455024.2995
2014-2015,5,7,1385.1117
2014-2015,5,8,6086.1096
2014-2015,5,9,342.081
2014-2015,5,11,53.2386
2014-2015,5,12,327.4758
2014-2015,5,13,756.2763
2014-2015,5,15,27.0864
2014-2015,5,16,1.5588
2014-2015,5,20,3197.1771
2014-2015,7,5,1557.7821
2014-2015,7,7,480843.2889
2014-2015,7,8,8174.3931
2014-2015,7,9,131.7879
2014-2015,7,11,45.8577
2014-2015,7,12,1160.5644
2014-2015,7,13,743.3757
2014-2015,7,15,4.1094
2014-2015,7,16,0.3762
2014-2015,7,20,1099.728
2014-2015,8,5,7167.6612
2014-2015,8,7,10062.1197
2014-2015,8,8,1724867.9685
2014-2015,8,9,716.9967
2014-2015,8,11,75.8646
2014-2015,8,12,1017.7344
2014-2015,8,13,5599.0863
2014-2015,8,15,35.8506
2014-2015,8,16,0.1719
2014-2015,8,20,6831.6768
2014-2015,9,5,327.5919
2014-2015,9,7,155.7171
2014-2015,9,8,670.3146
2014-2015,9,9,40712.2074
2014-2015,9,11,5.0364
2014-2015,9,12,1242.0783
2014-2015,9,13,90.1836
2014-2015,9,15,1123.2702
2014-2015,9,16,0.0072
2014-2015,9,20,404.6553
2014-2015,11,5,57.7701
2014-2015,11,7,36.4635
2014-2015,11,8,60.5178
2014-2015,11,9,4.3425
2014-2015,11,11,792.8055
2014-2015,11,12,4.6269
2014-2015,11,13,8.7948
2014-2015,11,15,2.8593
2014-2015,11,16,0.0351
2014-2015,11,20,11.7756
2014-2015,12,5,335.655
2014-2015,12,7,712.7424
2014-2015,12,8,924.3396
2014-2015,12,9,979.8822
2014-2015,12,11,5.409
2014-2015,12,12,1080703.368
2014-2015,12,13,339.7455
2014-2015,12,15,50.0598
2014-2015,12,16,0.7758
2014-2015,12,20,124.6914
2014-2015,13,5,798.6771
2014-2015,13,7,677.3562
2014-2015,13,8,5161.0815
2014-2015,13,9,87.9912
2014-2015,13,11,9.0279
2014-2015,13,12,262.8054
2014-2015,13,13,110303.1972
2014-2015,13,15,16.8867
2014-2015,13,16,0.9144
2014-2015,13,20,490.4658
2014-2015,15,5,53.5302
2014-2015,15,7,2.9133
2014-2015,15,8,45.0324
2014-2015,15,9,1384.9884
2014-2015,15,11,1.9458
2014-2015,15,12,38.0637
2014-2015,15,13,27.5904
2014-2015,15,15,3535399.872
2014-2015,15,16,2.8449
2014-2015,15,20,51.3342
2014-2015,16,5,2.7045
2014-2015,16,7,0.4905
2014-2015,16,8,0.648
2014-2015,16,9,0.0099
2014-2015,16,11,0.018
2014-2015,16,12,1.4805
2014-2015,16,13,0.927
2014-2015,16,15,9.1539
2014-2015,16,16,4728.0285
2014-2015,16,20,4.3686
2014-2015,20,5,3361.0266
2014-2015,20,7,991.3023
2014-2015,20,8,7467.0336
2014-2015,20,9,421.8417
2014-2015,20,11,10.5966
2014-2015,20,12,59.5548
2014-2015,20,13,498.3255
2014-2015,20,15,95.7798
2014-2015,20,16,0.7929
2014-2015,20,20,1099230.7923
2015-2016,5,5,456312.6108
2015-2016,5,7,1267.7769
2015-2016,5,8,6469.9947
2015-2016,5,9,351.4617
2015-2016,5,11,35.8866
2015-2016,5,12,241.551
2015-2016,5,13,793.9854
2015-2016,5,15,24.0129
2015-2016,5,16,0.81
2015-2016,5,20,3188.6082
2015-2016,7,5,1308.1122
2015-2016,7,7,484137.3987
2015-2016,7,8,6947.9892
2015-2016,7,9,179.946
2015-2016,7,11,28.944
2015-2016,7,12,623.9457
2015-2016,7,13,698.9058
2015-2016,7,15,6.9948
2015-2016,7,16,0.1053
2015-2016,7,20,935.1666
2015-2016,8,5,5798.4579
2015-2016,8,7,8762.9571
2015-2016,8,8,1725407.4789
2015-2016,8,9,668.4903
2015-2016,8,11,48.3201
2015-2016,8,12,713.205
2015-2016,8,13,5550.2271
2015-2016,8,15,28.4481
2015-2016,8,16,0.1332
2015-2016,8,20,6479.7201
2015-2016,9,5,391.3794
2015-2016,9,7,129.7422
2015-2016,9,8,775.2357
2015-2016,9,9,40544.5167
2015-2016,9,11,5.4639
2015-2016,9,12,1146.258
2015-2016,9,13,105.6834
2015-2016,9,15,1285.6698
2015-2016,9,16,0.0027
2015-2016,9,20,398.178
2015-2016,11,5,50.2092
2015-2016,11,7,29.8674
2015-2016,11,8,60.9138
2015-2016,11,9,4.5306
2015-2016,11,11,825.7266
2015-2016,11,12,6.0417
2015-2016,11,13,8.523
2015-2016,11,15,2.7036
2015-2016,11,16,0.0117
2015-2016,11,20,11.2743
2015-2016,12,5,315.072
2015-2016,12,7,734.7996
2015-2016,12,8,657.5058
2015-2016,12,9,1044.972
2015-2016,12,11,6.0021
2015-2016,12,12,1081622.1906
2015-2016,12,13,309.582
2015-2016,12,15,46.0116
2015-2016,12,16,0.4905
2015-2016,12,20,81.1242
2015-2016,13,5,740.4921
2015-2016,13,7,651.0051
2015-2016,13,8,4611.2859
2015-2016,13,9,78.9543
2015-2016,13,11,8.7858
2015-2016,13,12,251.2728
2015-2016,13,13,111551.6493
2015-2016,13,15,21.7116
2015-2016,13,16,0.5121
2015-2016,13,20,451.8324
2015-2016,15,5,43.839
2015-2016,15,7,2.6451
2015-2016,15,8,34.1145
2015-2016,15,9,1724.7546
2015-2016,15,11,1.9485
2015-2016,15,12,32.9121
2015-2016,15,13,22.3263
2015-2016,15,15,3534842.3274
2015-2016,15,16,3.4362
2015-2016,15,20,56.6244
2015-2016,16,5,6.1596
2015-2016,16,7,1.2393
2015-2016,16,8,0.8613
2015-2016,16,9,0.0198
2015-2016,16,11,0.0639
2015-2016,16,12,3.6693
2015-2016,16,13,1.5129
2015-2016,16,15,14.3946
2015-2016,16,16,4703.3208
2015-2016,16,20,4.2642
2015-2016,20,5,3553.0902
2015-2016,20,7,907.7895
2015-2016,20,8,7693.8597
2015-2016,20,9,411.1551
2015-2016,20,11,9.1188
2015-2016,20,12,54.1242
2015-2016,20,13,510.165
2015-2016,20,15,43.3899
2015-2016,20,16,1.5408
2015-2016,20,20,1098262.4301
2016-2017,5,5,456097.032
2016-2017,5,7,1390.9347
2016-2017,5,8,6631.4637
2016-2017,5,9,330.7851
2016-2017,5,11,48.906
2016-2017,5,12,351.7101
2016-2017,5,13,761.967
2016-2017,5,15,26.7129
2016-2017,5,16,4.7799
2016-2017,5,20,2875.1283
2016-2017,7,5,1502.7795
2016-2017,7,7,482242.9221
2016-2017,7,8,10212.9759
2016-2017,7,9,169.5393
2016-2017,7,11,38.7882
2016-2017,7,12,639.0693
2016-2017,7,13,691.5492
2016-2017,7,15,3.1626
2016-2017,7,16,0.657
2016-2017,7,20,1123.785
2016-2017,8,5,6150.3615
2016-2017,8,7,8677.4364
2016-2017,8,8,1724248.9782
2016-2017,8,9,710.1639
2016-2017,8,11,74.4444
2016-2017,8,12,768.3885
2016-2017,8,13,5424.3009
2016-2017,8,15,28.1421
2016-2017,8,16,0.8388
2016-2017,8,20,6576.1677
2016-2017,9,5,461.5713
2016-2017,9,7,150.2316
2016-2017,9,8,801.1908
2016-2017,9,9,41058.7281
2016-2017,9,11,5.0112
2016-2017,9,12,983.8764
2016-2017,9,13,89.6085
2016-2017,9,15,1068.7077
2016-2017,9,16,0.0243
2016-2017,9,20,389.8503
2016-2017,11,5,42.2253
2016-2017,11,7,33.4422
2016-2017,11,8,66.8952
2016-2017,11,9,4.0716
2016-2017,11,11,794.5164
2016-2017,11,12,6.876
2016-2017,11,13,8.1972
2016-2017,11,15,3.0384
2016-2017,11,16,0.0504
2016-2017,11,20,10.9476
2016-2017,12,5,478.2951
2016-2017,12,7,1266.8931
2016-2017,12,8,1043.8506
2016-2017,12,9,1139.9886
2016-2017,12,11,3.7701
2016-2017,12,12,1080306.0423
2016-2017,12,13,311.0796
2016-2017,12,15,39.6756
2016-2017,12,16,3.2742
2016-2017,12,20,102.2949
2016-2017,13,5,791.874
2016-2017,13,7,665.4015
2016-2017,13,8,4756.3056
2016-2017,13,9,86.6439
2016-2017,13,11,7.6689
2016-2017,13,12,234.0837
2016-2017,13,13,112539.1707
2016-2017,13,15,16.1946
2016-2017,13,16,1.332
2016-2017,13,20,453.8772
2016-2017,15,5,40.0599
2016-2017,15,7,6.6852
2016-2017,15,8,32.5143
2016-2017,15,9,1355.0337
2016-2017,15,11,1.5309
2016-2017,15,12,41.6322
2016-2017,15,13,23.6178
2016-2017,15,15,3534756.0057
2016-2017,15,16,15.714
2016-2017,15,20,42.8697
2016-2017,16,5,1.7631
2016-2017,16,7,0.324
2016-2017,16,8,0.189
2016-2017,16,9,0.0054
2016-2017,16,11,0.018
2016-2017,16,12,2.7657
2016-2017,16,13,1.1412
2016-2017,16,15,5.0571
2016-2017,16,16,4696.7571
2016-2017,16,20,2.3427
2016-2017,20,5,3676.2453
2016-2017,20,7,996.6033
2016-2017,20,8,7622.1387
2016-2017,20,9,411.3774
2016-2017,20,11,13.6125
2016-2017,20,12,70.5411
2016-2017,20,13,506.7207
2016-2017,20,15,46.9161
2016-2017,20,16,6.165
2016-2017,20,20,1096518.8997
2017-2018,5,5,457343.6085
2017-2018,5,7,1236.5874
2017-2018,5,8,6325.3881
2017-2018,5,9,364.0851
2017-2018,5,11,39.0249
2017-2018,5,12,283.7484
2017-2018,5,13,791.4555
2017-2018,5,15,30.393
2017-2018,5,16,7.3332
2017-2018,5,20,2820.5829
2017-2018,7,5,1358.001
2017-2018,7,7,480999.3813
2017-2018,7,8,10196.2386
2017-2018,7,9,138.9726
2017-2018,7,11,30.1779
2017-2018,7,12,976.4604
2017-2018,7,13,692.046
2017-2018,7,15,3.51
2017-2018,7,16,1.7712
2017-2018,7,20,1034.3142
2017-2018,8,5,6521.8716
2017-2018,8,7,7809.0759
2017-2018,8,8,1727818.6707
2017-2018,8,9,722.8278
2017-2018,8,11,52.3071
2017-2018,8,12,974.2977
2017-2018,8,13,5006.9673
2017-2018,8,15,33.1344
2017-2018,8,16,1.1241
2017-2018,8,20,6476.2254
2017-2018,9,5,547.1478
2017-2018,9,7,180.6633
2017-2018,9,8,783.5121
2017-2018,9,9,40729.5081
2017-2018,9,11,2.853
2017-2018,9,12,1483.3944
2017-2018,9,13,83.1078
2017-2018,9,15,1062.3204
2017-2018,9,16,0.0126
2017-2018,9,20,393.8076
2017-2018,11,5,46.0647
2017-2018,11,7,30.6387
2017-2018,11,8,68.7825
2017-2018,11,9,3.0384
2017-2018,11,11,813.6144
2017-2018,11,12,3.7386
2017-2018,11,13,8.0172
2017-2018,11,15,1.2222
2017-2018,11,16,0.0756
2017-2018,11,20,13.0743
2017-2018,12,5,331.9047
2017-2018,12,7,1329.2397
2017-2018,12,8,1675.8711
2017-2018,12,9,765.603
2017-2018,12,11,8.9577
2017-2018,12,12,1078874.5158
2017-2018,12,13,292.6926
2017-2018,12,15,46.7766
2017-2018,12,16,4.1634
2017-2018,12,20,75.2679
2017-2018,13,5,814.0626
2017-2018,13,7,649.0683
2017-2018,13,8,5018.7645
2017-2018,13,9,87.1038
2017-2018,13,11,8.9847
2017-2018,13,12,257.2173
2017-2018,13,13,113033.0943
2017-2018,13,15,18.8109
2017-2018,13,16,0.9918
2017-2018,13,20,469.2411
2017-2018,15,5,35.6337
2017-2018,15,7,3.7026
2017-2018,15,8,27.9441
2017-2018,15,9,1217.0025
2017-2018,15,11,1.1466
2017-2018,15,12,35.2521
2017-2018,15,13,21.0699
2017-2018,15,15,3534585.7968
2017-2018,15,16,15.8049
2017-2018,15,20,50.2596
2017-2018,16,5,0.3636
2017-2018,16,7,0.0549
2017-2018,16,8,0.027
2017-2018,16,9,0.0081
2017-2018,16,11,0.0063
2017-2018,16,12,0.4023
2017-2018,16,13,0.8226
2017-2018,16,15,1.4625
2017-2018,16,16,4725.5256
2017-2018,16,20,0.9198
2017-2018,20,5,3941.9748
2017-2018,20,7,918.2754
2017-2018,20,8,7030.1853
2017-2018,20,9,401.3802
2017-2018,20,11,12.6324
2017-2018,20,12,74.5254
2017-2018,20,13,468.2709
2017-2018,20,15,42.9579
2017-2018,20,16,5.6349
2017-2018,20,20,1095200.3214
2018-2019,5,5,459170.0613
2018-2019,5,7,1294.6788
2018-2019,5,8,5600.4444
2018-2019,5,9,602.3466
2018-2019,5,11,36.7326
2018-2019,5,12,243.3762
2018-2019,5,13,800.5644
2018-2019,5,15,39.348
2018-2019,5,16,0.4113
2018-2019,5,20,3152.6802
2018-2019,7,5,1274.1327
2018-2019,7,7,481374.3843
2018-2019,7,8,7799.1381
2018-2019,7,9,140.8338
2018-2019,7,11,26.3052
2018-2019,7,12,877.9059
2018-2019,7,13,692.3601
2018-2019,7,15,6.6051
2018-2019,7,16,0.0855
2018-2019,7,20,964.9332
2018-2019,8,5,6296.5494
2018-2019,8,7,7634.637
2018-2019,8,8,1732611.7377
2018-2019,8,9,732.7908
2018-2019,8,11,59.5458
2018-2019,8,12,614.6622
2018-2019,8,13,4714.5681
2018-2019,8,15,50.8941
2018-2019,8,16,0.0405
2018-2019,8,20,6229.9467
2018-2019,9,5,425.0205
2018-2019,9,7,157.5153
2018-2019,9,8,696.8871
2018-2019,9,9,40161.0951
2018-2019,9,11,1.6497
2018-2019,9,12,906.858
2018-2019,9,13,86.7636
2018-2019,9,15,1565.3187
2018-2019,9,16,0.0045
2018-2019,9,20,428.4144
2018-2019,11,5,43.1568
2018-2019,11,7,26.2089
2018-2019,11,8,50.274
2018-2019,11,9,3.2535
2018-2019,11,11,814.7916
2018-2019,11,12,10.6137
2018-2019,11,13,7.2216
2018-2019,11,15,2.0754
2018-2019,11,16,0.0072
2018-2019,11,20,12.1023
2018-2019,12,5,268.1901
2018-2019,12,7,592.5708
2018-2019,12,8,1046.1609
2018-2019,12,9,1480.6602
2018-2019,12,11,4.338
2018-2019,12,12,1079175.3237
2018-2019,12,13,275.1093
2018-2019,12,15,60.2523
2018-2019,12,16,0.3807
2018-2019,12,20,60.5655
2018-2019,13,5,790.9569
2018-2019,13,7,659.2167
2018-2019,13,8,5060.6703
2018-2019,13,9,79.1343
2018-2019,13,11,8.3862
2018-2019,13,12,294.9462
2018-2019,13,13,112979.8845
2018-2019,13,15,21.2661
2018-2019,13,16,0.7947
2018-2019,13,20,502.2936
2018-2019,15,5,34.3809
2018-2019,15,7,3.6486
2018-2019,15,8,23.5521
2018-2019,15,9,1295.091
2018-2019,15,11,0.6426
2018-2019,15,12,47.2509
2018-2019,15,13,19.9314
2018-2019,15,15,3534357.474
2018-2019,15,16,1.2906
2018-2019,15,20,43.1226
2018-2019,16,5,4.4901
2018-2019,16,7,1.1592
2018-2019,16,8,0.9738
2018-2019,16,9,0.0117
2018-2019,16,11,0.0432
2018-2019,16,12,4.1778
2018-2019,16,13,0.6597
2018-2019,16,15,9.8577
2018-2019,16,16,4734.0522
2018-2019,16,20,7.0119
2018-2019,20,5,3320.127
2018-2019,20,7,847.7757
2018-2019,20,8,6704.3556
2018-2019,20,9,405.5877
2018-2019,20,11,14.5899
2018-2019,20,12,61.5798
2018-2019,20,13,425.5056
2018-2019,20,15,102.591
2018-2019,20,16,0.6678
2018-2019,20,20,1094651.2269
2019-2020,5,5,459445.7835
2019-2020,5,7,1254.0528
2019-2020,5,8,5838.3621
2019-2020,5,9,377.9748
2019-2020,5,11,40.7241
2019-2020,5,12,265.8627
2019-2020,5,13,767.8854
2019-2020,5,15,35.6814
2019-2020,5,16,0.8595
2019-2020,5,20,3599.8776
2019-2020,7,5,1384.2414
2019-2020,7,7,481725.4419
2019-2020,7,8,7003.7631
2019-2020,7,9,162.0027
2019-2020,7,11,31.8519
2019-2020,7,12,766.7325
2019-2020,7,13,646.5087
2019-2020,7,15,6.561
2019-2020,7,16,0.3195
2019-2020,7,20,864.3672
2019-2020,8,5,6123.0447
2019-2020,8,7,8487.7731
2019-2020,8,8,1732549.2687
2019-2020,8,9,686.8314
2019-2020,8,11,59.6124
2019-2020,8,12,817.3899
2019-2020,8,13,4883.0355
2019-2020,8,15,50.5683
2019-2020,8,16,0.2871
2019-2020,8,20,5936.391
2019-2020,9,5,588.4497
2019-2020,9,7,150.8004
2019-2020,9,8,754.137
2019-2020,9,9,40405.7646
2019-2020,9,11,1.7766
2019-2020,9,12,1330.2693
2019-2020,9,13,78.6789
2019-2020,9,15,1146.123
2019-2020,9,16,0.0045
2019-2020,9,20,444.8088
2019-2020,11,5,34.2099
2019-2020,11,7,24.615
2019-2020,11,8,47.8107
2019-2020,11,9,1.4031
2019-2020,11,11,832.3353
2019-2020,11,12,2.5632
2019-2020,11,13,8.7939
2019-2020,11,15,2.2005
2019-2020,11,16,0.0045
2019-2020,11,20,13.0896
2019-2020,12,5,246.1716
2019-2020,12,7,431.7066
2019-2020,12,8,1314.7002
2019-2020,12,9,996.3468
2019-2020,12,11,4.2183
2019-2020,12,12,1078851.1248
2019-2020,12,13,280.9458
2019-2020,12,15,62.0082
2019-2020,12,16,1.4787
2019-2020,12,20,47.9574
2019-2020,13,5,860.4198
2019-2020,13,7,681.2271
2019-2020,13,8,4871.7162
2019-2020,13,9,95.4279
2019-2020,13,11,7.3062
2019-2020,13,12,290.9016
2019-2020,13,13,112714.911
2019-2020,13,15,21.6324
2019-2020,13,16,1.0323
2019-2020,13,20,458.0037
2019-2020,15,5,38.9871
2019-2020,15,7,3.492
2019-2020,15,8,31.5198
2019-2020,15,9,1322.5059
2019-2020,15,11,0.2502
2019-2020,15,12,48.7647
2019-2020,15,13,20.466
2019-2020,15,15,3534702.1731
2019-2020,15,16,3.1005
2019-2020,15,20,44.4231
2019-2020,16,5,7.3719
2019-2020,16,7,1.6578
2019-2020,16,8,0.828
2019-2020,16,9,0.0153
2019-2020,16,11,0.0954
2019-2020,16,12,5.0886
2019-2020,16,13,1.3374
2019-2020,16,15,13.1913
2019-2020,16,16,4702.3704
2019-2020,16,20,5.7789
2019-2020,20,5,3371.1615
2019-2020,20,7,814.6935
2019-2020,20,8,6712.6347
2019-2020,20,9,398.8485
2019-2020,20,11,13.9383
2019-2020,20,12,63.3366
2019-2020,20,13,452.6478
2019-2020,20,15,87.858
2019-2020,20,16,2.367
2019-2020,20,20,1094134.8078
2020-2021,5,5,459652.1823
2020-2021,5,7,1214.9865
2020-2021,5,8,6389.2755
2020-2021,5,9,466.0848
2020-2021,5,11,31.2588
2020-2021,5,12,343.899
2020-2021,5,13,784.3491
2020-2021,5,15,29.9142
2020-2021,5,16,1.5075
2020-2021,5,20,3186.3897
2020-2021,7,5,1497.8475
2020-2021,7,7,482561.5563
2020-2021,7,8,6768.6804
2020-2021,7,9,171.8811
2020-2021,7,11,30.6162
2020-2021,7,12,932.4144
2020-2021,7,13,648.1926
2020-2021,7,15,9.6723
2020-2021,7,16,0.4941
2020-2021,7,20,954.1035
2020-2021,8,5,5929.2459
2020-2021,8,7,8866.8162
2020-2021,8,8,1730659.6926
2020-2021,8,9,678.9654
2020-2021,8,11,51.0741
2020-2021,8,12,1627.3755
2020-2021,8,13,4859.5176
2020-2021,8,15,67.0329
2020-2021,8,16,0.18
2020-2021,8,20,6384.8412
2020-2021,9,5,596.0682
2020-2021,9,7,181.1907
2020-2021,9,8,975.1491
2020-2021,9,9,39629.8872
2020-2021,9,11,2.3589
2020-2021,9,12,1494.0963
2020-2021,9,13,98.2836
2020-2021,9,15,1026.3501
2020-2021,9,16,0.0045
2020-2021,9,20,443.7297
2020-2021,11,5,39.3048
2020-2021,11,7,27.2322
2020-2021,11,8,56.1069
2020-2021,11,9,1.3653
2020-2021,11,11,842.8473
2020-2021,11,12,4.6098
2020-2021,11,13,6.6681
2020-2021,11,15,1.1295
2020-2021,11,16,0.027
2020-2021,11,20,12.8151
2020-2021,12,5,223.6023
2020-2021,12,7,442.0278
2020-2021,12,8,585.6246
2020-2021,12,9,1123.1136
2020-2021,12,11,1.5111
2020-2021,12,12,1079703.2619
2020-2021,12,13,279.6093
2020-2021,12,15,41.148
2020-2021,12,16,1.1682
2020-2021,12,20,40.9653
2020-2021,13,5,888.9318
2020-2021,13,7,690.7644
2020-2021,13,8,5288.2281
2020-2021,13,9,76.6341
2020-2021,13,11,8.1612
2020-2021,13,12,288.9468
2020-2021,13,13,112120.4133
2020-2021,13,15,24.1533
2020-2021,13,16,0.8919
2020-2021,13,20,468.0783
2020-2021,15,5,45.3924
2020-2021,15,7,3.3957
2020-2021,15,8,31.6503
2020-2021,15,9,1589.4738
2020-2021,15,11,0.3528
2020-2021,15,12,66.7602
2020-2021,15,13,20.2743
2020-2021,15,15,3534307.1262
2020-2021,15,16,3.3435
2020-2021,15,20,60.228
2020-2021,16,5,12.9078
2020-2021,16,7,1.3635
2020-2021,16,8,1.3041
2020-2021,16,9,0.0243
2020-2021,16,11,0.1467
2020-2021,16,12,17.5734
2020-2021,16,13,3.2355
2020-2021,16,15,30.9861
2020-2021,16,16,4631.0517
2020-2021,16,20,13.2309
2020-2021,20,5,3249.6687
2020-2021,20,7,1054.0449
2020-2021,20,8,7047.1611
2020-2021,20,9,405.8073
2020-2021,20,11,12.0393
2020-2021,20,12,59.5701
2020-2021,20,13,443.1132
2020-2021,20,15,58.824
2020-2021,20,16,1.2834
2020-2021,20,20,1093218.0021
2021-2022,5,5,466411.1526
2021-2022,5,7,474.0075
2021-2022,5,8,2724.1731
2021-2022,5,9,391.8321
2021-2022,5,11,19.5894
2021-2022,5,12,228.69
2021-2022,5,13,730.1808
2021-2022,5,15,32.0652
2021-2022,5,16,3.4497
2021-2022,5,20,1120.0014
2021-2022,7,5,575.7381
2021-2022,7,7,490289.1957
2021-2022,7,8,2703.933
2021-2022,7,9,157.581
2021-2022,7,11,11.6937
2021-2022,7,12,346.2174
2021-2022,7,13,591.9363
2021-2022,7,15,6.2262
2021-2022,7,16,0.4158
2021-2022,7,20,360.4311
2021-2022,8,5,2435.6898
2021-2022,8,7,2945.0115
2021-2022,8,8,1744429.7178
2021-2022,8,9,763.8795
2021-2022,8,11,25.8156
2021-2022,8,12,239.2596
2021-2022,8,13,4313.2977
2021-2022,8,15,47.6721
2021-2022,8,16,0.3879
2021-2022,8,20,2602.1529
2021-2022,9,5,588.4623
2021-2022,9,7,174.4587
2021-2022,9,8,897.714
2021-2022,9,9,39877.6356
2021-2022,9,11,1.989
2021-2022,9,12,964.1664
2021-2022,9,13,91.3689
2021-2022,9,15,1119.8061
2021-2022,9,16,0.0099
2021-2022,9,20,427.6269
2021-2022,11,5,13.7061
2021-2022,11,7,9.5661
2021-2022,11,8,24.5277
2021-2022,11,9,1.9989
2021-2022,11,11,915.2766
2021-2022,11,12,1.0503
2021-2022,11,13,5.6952
2021-2022,11,15,0.5238
2021-2022,11,16,0.0414
2021-2022,11,20,7.9812
2021-2022,12,5,166.3659
2021-2022,12,7,223.4646
2021-2022,12,8,217.0674
2021-2022,12,9,1139.1147
2021-2022,12,11,1.1295
2021-2022,12,12,1082493.1809
2021-2022,12,13,225.5274
2021-2022,12,15,36.2799
2021-2022,12,16,4.3083
2021-2022,12,20,32.0715
2021-2022,13,5,940.3164
2021-2022,13,7,710.5707
2021-2022,13,8,6309.2556
2021-2022,13,9,75.0582
2021-2022,13,11,10.6839
2021-2022,13,12,239.1363
2021-2022,13,13,110416.0302
2021-2022,13,15,26.1846
2021-2022,13,16,1.4283
2021-2022,13,20,534.987
2021-2022,15,5,34.0434
2021-2022,15,7,2.6163
2021-2022,15,8,29.1519
2021-2022,15,9,902.2995
2021-2022,15,11,0.5004
2021-2022,15,12,61.047
2021-2022,15,13,21.6468
2021-2022,15,15,3534469.416
2021-2022,15,16,15.2406
2021-2022,15,20,60.3738
2021-2022,16,5,15.0849
2021-2022,16,7,1.9035
2021-2022,16,8,1.6893
2021-2022,16,9,0.0207
2021-2022,16,11,0.135
2021-2022,16,12,12.7305
2021-2022,16,13,1.7793
2021-2022,16,15,19.8594
2021-2022,16,16,4577.4621
2021-2022,16,20,9.2871
2021-2022,20,5,1206.0648
2021-2022,20,7,470.34
2021-2022,20,8,2919.1293
2021-2022,20,9,399.1698
2021-2022,20,11,10.4373
2021-2022,20,12,27.5004
2021-2022,20,13,405.2529
2021-2022,20,15,47.5668
2021-2022,20,16,4.5693
2021-2022,20,20,1099292.3523
